{
  "mean_pnl": 7792.6716840673,
  "p5": -23987.493769340028,
  "p50": 4880.844298753593,
  "p95": 47300.20590067734
}